,company,line,departure_time,arrival_time,start_stop,end_stop,start_stop_lat,start_stop_lon,end_stop_lat,end_stop_lon
0,MPK Autobusy,A,20:52:00,20:53:00,Zajezdnia Obornicka,Paprotna,51.14873744,17.02106859,51.14775215,17.02053929
1,MPK Autobusy,A,20:53:00,20:54:00,Paprotna,Obornicka (Wołowska),51.14775215,17.02053929,51.144385,17.023735
2,MPK Autobusy,A,20:54:00,20:55:00,Obornicka (Wołowska),Bezpieczna,51.144385,17.023735,51.14136001,17.02637623
3,MPK Autobusy,A,20:55:00,20:57:00,Bezpieczna,Bałtycka,51.14136001,17.02637623,51.13663187,17.0306168
4,MPK Autobusy,A,20:57:00,20:59:00,Bałtycka,Broniewskiego,51.13663187,17.0306168,51.13585101,17.03738306
5,MPK Autobusy,A,20:59:00,21:00:00,Broniewskiego,Pola,51.13585101,17.03738306,51.13674862,17.04469823
6,MPK Autobusy,K,23:59:00,24:01:00,Kamieńskiego,Broniewskiego,51.13956094,17.03271467,51.13590436,17.03532722